mse,mae,r2
2821.750981001311,41.91937845679274,0.4772897164322617
