C,train_accuracy,test_accuracy
0.1,0.9916492693110647,0.9666666666666667
1.0,0.9965205288796103,0.9611111111111111
10.0,0.9972164231036882,0.9527777777777777
