silhouette_score,adjusted_rand_index
0.45994823920518635,0.6201351808870379
